patient,File,Path,All Duration(s),Seizure(s),Pre_Seizure Duration(s),Accuracy,,
CL,CL1.1.edf,/home/yh/yh/dataset/positiveDataAvailable/CL/CL1.1.edf,605,126,96,1.0000 ,,
CL,CL2.1.edf,/home/yh/yh/dataset/positiveDataAvailable/CL/CL2.1.edf,731,307,277,0.9474 ,,
CL,CL2.2.edf,/home/yh/yh/dataset/positiveDataAvailable/CL/CL2.2.edf,488,351,321,0.5000 ,,12
CYS,CYS2.edf,/home/yh/yh/dataset/positiveDataAvailable/CYS/CYS2.edf,1068,229,199,0.2857 ,,
CYW,CYW1.edf,/home/yh/yh/dataset/positiveDataAvailable/CYW/CYW1.edf,565,312,282,0.7500 ,,
CYW,CYW4.edf,/home/yh/yh/dataset/positiveDataAvailable/CYW/CYW4.edf,3155,1418,1388,0.6703 ,,
CYW,CYW3.edf,/home/yh/yh/dataset/positiveDataAvailable/CYW/CYW3.edf,2316,1034,1004,0.5672 ,,
CYW,CYW2.edf,/home/yh/yh/dataset/positiveDataAvailable/CYW/CYW2.edf,1011,403,373,0.2400 ,,
JWJ,JWJ1.edf,/home/yh/yh/dataset/positiveDataAvailable/JWJ/JWJ1.edf,671,348,318,0.7727 ,,
LGQ,LGQ4.edf,/home/yh/yh/dataset/positiveDataAvailable/LGQ/LGQ4.edf,246,117,87,0.1667 ,,
LGQ,LGQ3.edf,/home/yh/yh/dataset/positiveDataAvailable/LGQ/LGQ3.edf,423,102,72,0.0000 ,,
LXL,LXL1.edf,/home/yh/yh/dataset/positiveDataAvailable/LXL/LXL1.edf,332,161,131,1.0000 ,,
LYX,LYX2.edf,/home/yh/yh/dataset/positiveDataAvailable/LYX/LYX2.edf,343,187,157,0.1429 ,,
LYX,LYX1.edf,/home/yh/yh/dataset/positiveDataAvailable/LYX/LYX1.edf,393,112,82,0.0000 ,,
TBY,TBY3.edf,/home/yh/yh/dataset/positiveDataAvailable/TBY/TBY3.edf,463,139,109,0.2500 ,,
TBY,TBY5.edf,/home/yh/yh/dataset/positiveDataAvailable/TBY/TBY5.edf,288,111,81,0.2000 ,,
TBY,TBY2.edf,/home/yh/yh/dataset/positiveDataAvailable/TBY/TBY2.edf,467,151,121,0.1429 ,,
WCY,WCY3.edf,/home/yh/yh/dataset/positiveDataAvailable/WCY/WCY3.edf,567,145,115,0.7500 ,,
WCY,WCY4.edf,/home/yh/yh/dataset/positiveDataAvailable/WCY/WCY4.edf,843,146,116,0.6250 ,,
WCY,WCY1.edf,/home/yh/yh/dataset/positiveDataAvailable/WCY/WCY1.edf,545,182,152,0.4545 ,,
WJ,WJ2.edf,/home/yh/yh/dataset/positiveDataAvailable/WJ/WJ2.edf,499,254,224,0.5000 ,,
ZD,ZD3.edf,/home/yh/yh/dataset/positiveDataAvailable/ZD/ZD3.edf,768,398,368,0.1667 ,,
ZD,ZD2.edf,/home/yh/yh/dataset/positiveDataAvailable/ZD/ZD2.edf,583,115,85,0.1667 ,,
ZD,ZD4.edf,/home/yh/yh/dataset/positiveDataAvailable/ZD/ZD4.edf,382,127,97,0.1429 ,,
ZXJ,ZXJ2.1.edf,/home/yh/yh/dataset/positiveDataAvailable/ZXJ/ZXJ2.1.edf,479,105,75,0.8333 ,,
BDP,BDP3.edf,/home/yh/yh/dataset/positiveDataAvailable/BDP/BDP3.edf,121,59,29,-1.0000 ,,
BDP,BDP5.edf,/home/yh/yh/dataset/positiveDataAvailable/BDP/BDP5.edf,125,-1,0,-1.0000 ,,
BDP,BDP2.edf,/home/yh/yh/dataset/positiveDataAvailable/BDP/BDP2.edf,121,-1,0,-1.0000 ,,
BDP,BDP4.edf,/home/yh/yh/dataset/positiveDataAvailable/BDP/BDP4.edf,121,-1,0,-1.0000 ,,
BDP,BDP1.edf,/home/yh/yh/dataset/positiveDataAvailable/BDP/BDP1.edf,121,59,29,-1.0000 ,,
CL,CL1.2.edf,/home/yh/yh/dataset/positiveDataAvailable/CL/CL1.2.edf,476,-1,0,-1.0000 ,,
CYS,CYS4.edf,/home/yh/yh/dataset/positiveDataAvailable/CYS/CYS4.edf,91,14,0,-1.0000 ,,
CYS,CYS5.edf,/home/yh/yh/dataset/positiveDataAvailable/CYS/CYS5.edf,58,15,0,-1.0000 ,,
CYS,CYS1.edf,/home/yh/yh/dataset/positiveDataAvailable/CYS/CYS1.edf,292,55,25,-1.0000 ,,
CYS,CYS6.edf,/home/yh/yh/dataset/positiveDataAvailable/CYS/CYS6.edf,52,12,0,-1.0000 ,,
CYS,CYS3.edf,/home/yh/yh/dataset/positiveDataAvailable/CYS/CYS3.edf,96,14,0,-1.0000 ,,
DHM,DHM1.edf,/home/yh/yh/dataset/positiveDataAvailable/DHM/DHM1.edf,185,-1,0,-1.0000 ,,
DHM,DHM5.edf,/home/yh/yh/dataset/positiveDataAvailable/DHM/DHM5.edf,455,-1,0,-1.0000 ,,
DHM,DHM4.edf,/home/yh/yh/dataset/positiveDataAvailable/DHM/DHM4.edf,237,-1,0,-1.0000 ,,
DHM,DHM3.edf,/home/yh/yh/dataset/positiveDataAvailable/DHM/DHM3.edf,235,-1,0,-1.0000 ,,
DHM,DHM2.edf,/home/yh/yh/dataset/positiveDataAvailable/DHM/DHM2.edf,283,-1,0,-1.0000 ,,
DJ,DJ2.edf,/home/yh/yh/dataset/positiveDataAvailable/DJ/DJ2.edf,344,72,42,-1.0000 ,,
DJ,DJ1.edf,/home/yh/yh/dataset/positiveDataAvailable/DJ/DJ1.edf,287,42,12,-1.0000 ,,
JDL,JDL4.edf,/home/yh/yh/dataset/positiveDataAvailable/JDL/JDL4.edf,138,-1,0,-1.0000 ,,
JDL,JDL1.edf,/home/yh/yh/dataset/positiveDataAvailable/JDL/JDL1.edf,149,59,29,-1.0000 ,,
JDL,JDL3.edf,/home/yh/yh/dataset/positiveDataAvailable/JDL/JDL3.edf,123,59,29,-1.0000 ,,
JDL,JDL2.edf,/home/yh/yh/dataset/positiveDataAvailable/JDL/JDL2.edf,124,-1,0,-1.0000 ,,
JDL,JDL5.edf,/home/yh/yh/dataset/positiveDataAvailable/JDL/JDL5.edf,126,59,29,-1.0000 ,,
JWJ,JWJ2.edf,/home/yh/yh/dataset/positiveDataAvailable/JWJ/JWJ2.edf,740,-1,0,-1.0000 ,,
KLJ,KLJ2.2.edf,/home/yh/yh/dataset/positiveDataAvailable/KLJ/KLJ2.2.edf,1607,937,907,-1.0000 ,,
KLJ,KLJ1.3.edf,/home/yh/yh/dataset/positiveDataAvailable/KLJ/KLJ1.3.edf,1494,957,927,-1.0000 ,,
KLJ,KLJ1.4.edf,/home/yh/yh/dataset/positiveDataAvailable/KLJ/KLJ1.4.edf,1068,540,510,-1.0000 ,,
KLJ,KLJ1.1.edf,/home/yh/yh/dataset/positiveDataAvailable/KLJ/KLJ1.1.edf,1158,-1,0,-1.0000 ,,
KLJ,KLJ2.3.edf,/home/yh/yh/dataset/positiveDataAvailable/KLJ/KLJ2.3.edf,1088,382,352,-1.0000 ,,
KLJ,KLJ2.1.edf,/home/yh/yh/dataset/positiveDataAvailable/KLJ/KLJ2.1.edf,1628,1067,1037,-1.0000 ,,
KLJ,KLJ1.2.edf,/home/yh/yh/dataset/positiveDataAvailable/KLJ/KLJ1.2.edf,1816,1236,1206,-1.0000 ,,
LGQ,LGQ2.edf,/home/yh/yh/dataset/positiveDataAvailable/LGQ/LGQ2.edf,283,85,55,-1.0000 ,,
LGQ,LGQ1.edf,/home/yh/yh/dataset/positiveDataAvailable/LGQ/LGQ1.edf,233,85,55,-1.0000 ,,
LH,LH3.edf,/home/yh/yh/dataset/positiveDataAvailable/LH/LH3.edf,282,-1,0,-1.0000 ,,
LH,LH1.edf,/home/yh/yh/dataset/positiveDataAvailable/LH/LH1.edf,245,-1,0,-1.0000 ,,
LH,LH2.edf,/home/yh/yh/dataset/positiveDataAvailable/LH/LH2.edf,301,-1,0,-1.0000 ,,
LK,LK1.edf,/home/yh/yh/dataset/positiveDataAvailable/LK/LK1.edf,150,67,37,-1.0000 ,,
LK,LK5.edf,/home/yh/yh/dataset/positiveDataAvailable/LK/LK5.edf,160,-1,0,-1.0000 ,,
LK,LK3.edf,/home/yh/yh/dataset/positiveDataAvailable/LK/LK3.edf,137,58,28,-1.0000 ,,
LK,LK2.edf,/home/yh/yh/dataset/positiveDataAvailable/LK/LK2.edf,141,65,35,-1.0000 ,,
LK,LK4.edf,/home/yh/yh/dataset/positiveDataAvailable/LK/LK4.edf,140,-1,0,-1.0000 ,,
LXL,LXL2.edf,/home/yh/yh/dataset/positiveDataAvailable/LXL/LXL2.edf,238,88,58,-1.0000 ,,
LYX,LYX3.edf,/home/yh/yh/dataset/positiveDataAvailable/LYX/LYX3.edf,325,-1,0,-1.0000 ,,
LYY,LYY4.edf,/home/yh/yh/dataset/positiveDataAvailable/LYY/LYY4.edf,316,-1,0,-1.0000 ,,
LYY,LYY1.edf,/home/yh/yh/dataset/positiveDataAvailable/LYY/LYY1.edf,287,132,102,-1.0000 ,,
LYY,LYY2.edf,/home/yh/yh/dataset/positiveDataAvailable/LYY/LYY2.edf,246,186,156,-1.0000 ,,
LYY,LYY5.edf,/home/yh/yh/dataset/positiveDataAvailable/LYY/LYY5.edf,289,-1,0,-1.0000 ,,
LYY,LYY3.edf,/home/yh/yh/dataset/positiveDataAvailable/LYY/LYY3.edf,304,222,192,-1.0000 ,,
SGH,SGH4.edf,/home/yh/yh/dataset/positiveDataAvailable/SGH/SGH4.edf,178,79,49,-1.0000 ,,
SGH,SGH5.edf,/home/yh/yh/dataset/positiveDataAvailable/SGH/SGH5.edf,179,166,136,-1.0000 ,,
SGH,SGH2.edf,/home/yh/yh/dataset/positiveDataAvailable/SGH/SGH2.edf,185,-1,0,-1.0000 ,,
SGH,SGH1.edf,/home/yh/yh/dataset/positiveDataAvailable/SGH/SGH1.edf,178,-1,0,-1.0000 ,,
SGH,SGH3.edf,/home/yh/yh/dataset/positiveDataAvailable/SGH/SGH3.edf,189,-1,0,-1.0000 ,,
SJ,SJ1.2.edf,/home/yh/yh/dataset/positiveDataAvailable/SJ/SJ1.2.edf,389,-1,0,-1.0000 ,,
SJ,SJ2.2.edf,/home/yh/yh/dataset/positiveDataAvailable/SJ/SJ2.2.edf,872,267,237,-1.0000 ,,
SJ,SJ2.3.edf,/home/yh/yh/dataset/positiveDataAvailable/SJ/SJ2.3.edf,1059,271,241,-1.0000 ,,
SJ,SJ1.1.edf,/home/yh/yh/dataset/positiveDataAvailable/SJ/SJ1.1.edf,473,266,236,-1.0000 ,,
SJ,SJ2.1.edf,/home/yh/yh/dataset/positiveDataAvailable/SJ/SJ2.1.edf,1031,320,290,-1.0000 ,,
SJ,SJ1.3.edf,/home/yh/yh/dataset/positiveDataAvailable/SJ/SJ1.3.edf,523,-1,0,-1.0000 ,,
SQH,SQH3.edf,/home/yh/yh/dataset/positiveDataAvailable/SQH/SQH3.edf,324,272,242,-1.0000 ,,
SQH,SQH2.edf,/home/yh/yh/dataset/positiveDataAvailable/SQH/SQH2.edf,186,-1,0,-1.0000 ,,
SQH,SQH5.edf,/home/yh/yh/dataset/positiveDataAvailable/SQH/SQH5.edf,190,-1,0,-1.0000 ,,
SQH,SQH4.edf,/home/yh/yh/dataset/positiveDataAvailable/SQH/SQH4.edf,100,-1,0,-1.0000 ,,
SQH,SQH1.edf,/home/yh/yh/dataset/positiveDataAvailable/SQH/SQH1.edf,217,86,56,-1.0000 ,,
TBY,TBY1.edf,/home/yh/yh/dataset/positiveDataAvailable/TBY/TBY1.edf,234,66,36,-1.0000 ,,
TBY,TBY4.edf,/home/yh/yh/dataset/positiveDataAvailable/TBY/TBY4.edf,261,73,43,-1.0000 ,,
TJJ,TJJ1.edf,/home/yh/yh/dataset/positiveDataAvailable/TJJ/TJJ1.edf,134,20,0,-1.0000 ,,
TJJ,TJJ3.edf,/home/yh/yh/dataset/positiveDataAvailable/TJJ/TJJ3.edf,241,-1,0,-1.0000 ,,
TJJ,TJJ2.edf,/home/yh/yh/dataset/positiveDataAvailable/TJJ/TJJ2.edf,225,73,43,-1.0000 ,,
WCY,WCY2.edf,/home/yh/yh/dataset/positiveDataAvailable/WCY/WCY2.edf,127,41,11,-1.0000 ,,
WEJ,WEJ2.edf,/home/yh/yh/dataset/positiveDataAvailable/WEJ/WEJ2.edf,2045,258,228,-1.0000 ,,
WEJ,WEJ3.edf,/home/yh/yh/dataset/positiveDataAvailable/WEJ/WEJ3.edf,1380,-1,0,-1.0000 ,,
WEJ,WEJ1.edf,/home/yh/yh/dataset/positiveDataAvailable/WEJ/WEJ1.edf,2597,104,74,-1.0000 ,,
WJ,WJ3.edf,/home/yh/yh/dataset/positiveDataAvailable/WJ/WJ3.edf,316,-1,0,-1.0000 ,,
WJ,WJ1.edf,/home/yh/yh/dataset/positiveDataAvailable/WJ/WJ1.edf,483,-1,0,-1.0000 ,,
WSH,WSH1.edf,/home/yh/yh/dataset/positiveDataAvailable/WSH/WSH1.edf,203,48,18,-1.0000 ,,
WSH,WSH5.edf,/home/yh/yh/dataset/positiveDataAvailable/WSH/WSH5.edf,331,-1,0,-1.0000 ,,
WSH,WSH3.edf,/home/yh/yh/dataset/positiveDataAvailable/WSH/WSH3.edf,224,61,31,-1.0000 ,,
WSH,WSH4.edf,/home/yh/yh/dataset/positiveDataAvailable/WSH/WSH4.edf,373,85,55,-1.0000 ,,
WSH,WSH2.edf,/home/yh/yh/dataset/positiveDataAvailable/WSH/WSH2.edf,209,76,46,-1.0000 ,,
WZJ,WZJ3.edf,/home/yh/yh/dataset/positiveDataAvailable/WZJ/WZJ3.edf,200,-1,0,-1.0000 ,,
WZJ,WZJ5.edf,/home/yh/yh/dataset/positiveDataAvailable/WZJ/WZJ5.edf,221,-1,0,-1.0000 ,,
WZJ,WZJ4.edf,/home/yh/yh/dataset/positiveDataAvailable/WZJ/WZJ4.edf,220,131,101,-1.0000 ,,
WZJ,WZJ1.edf,/home/yh/yh/dataset/positiveDataAvailable/WZJ/WZJ1.edf,206,-1,0,-1.0000 ,,
WZJ,WZJ2.edf,/home/yh/yh/dataset/positiveDataAvailable/WZJ/WZJ2.edf,212,-1,0,-1.0000 ,,
XDF,XDF1.edf,/home/yh/yh/dataset/positiveDataAvailable/XDF/XDF1.edf,238,-1,0,-1.0000 ,,
XDF,XDF2.edf,/home/yh/yh/dataset/positiveDataAvailable/XDF/XDF2.edf,390,44,14,-1.0000 ,,
XDF,XDF3.edf,/home/yh/yh/dataset/positiveDataAvailable/XDF/XDF3.edf,301,21,0,-1.0000 ,,
YT,YT3.edf,/home/yh/yh/dataset/positiveDataAvailable/YT/YT3.edf,270,-1,0,-1.0000 ,,
YT,YT5.edf,/home/yh/yh/dataset/positiveDataAvailable/YT/YT5.edf,356,-1,0,-1.0000 ,,
YT,YT2.edf,/home/yh/yh/dataset/positiveDataAvailable/YT/YT2.edf,239,-1,0,-1.0000 ,,
YT,YT4.edf,/home/yh/yh/dataset/positiveDataAvailable/YT/YT4.edf,363,-1,0,-1.0000 ,,
YT,YT1.edf,/home/yh/yh/dataset/positiveDataAvailable/YT/YT1.edf,253,88,58,-1.0000 ,,
ZD,ZD1.edf,/home/yh/yh/dataset/positiveDataAvailable/ZD/ZD1.edf,335,-1,0,-1.0000 ,,
ZK,ZK7.edf,/home/yh/yh/dataset/positiveDataAvailable/ZK/ZK7.edf,150,-1,0,-1.0000 ,,
ZK,ZK5.edf,/home/yh/yh/dataset/positiveDataAvailable/ZK/ZK5.edf,136,-1,0,-1.0000 ,,
ZK,ZK1.edf,/home/yh/yh/dataset/positiveDataAvailable/ZK/ZK1.edf,113,50,20,-1.0000 ,,
ZK,ZK4.edf,/home/yh/yh/dataset/positiveDataAvailable/ZK/ZK4.edf,122,-1,0,-1.0000 ,,
ZK,ZK10.edf,/home/yh/yh/dataset/positiveDataAvailable/ZK/ZK10.edf,166,-1,0,-1.0000 ,,
ZK,ZK8.edf,/home/yh/yh/dataset/positiveDataAvailable/ZK/ZK8.edf,136,-1,0,-1.0000 ,,
ZK,ZK2.edf,/home/yh/yh/dataset/positiveDataAvailable/ZK/ZK2.edf,146,73,43,-1.0000 ,,
ZK,ZK9.edf,/home/yh/yh/dataset/positiveDataAvailable/ZK/ZK9.edf,123,-1,0,-1.0000 ,,
ZK,ZK6.edf,/home/yh/yh/dataset/positiveDataAvailable/ZK/ZK6.edf,190,-1,0,-1.0000 ,,
ZK,ZK3.edf,/home/yh/yh/dataset/positiveDataAvailable/ZK/ZK3.edf,100,-1,0,-1.0000 ,,
ZTT,ZTT4.edf,/home/yh/yh/dataset/positiveDataAvailable/ZTT/ZTT4.edf,177,80,50,-1.0000 ,,
ZTT,ZTT2.edf,/home/yh/yh/dataset/positiveDataAvailable/ZTT/ZTT2.edf,154,56,26,-1.0000 ,,
ZTT,ZTT3.edf,/home/yh/yh/dataset/positiveDataAvailable/ZTT/ZTT3.edf,186,45,15,-1.0000 ,,
ZTT,ZTT1.edf,/home/yh/yh/dataset/positiveDataAvailable/ZTT/ZTT1.edf,265,61,31,-1.0000 ,,
ZXJ,ZXJ2.2.edf,/home/yh/yh/dataset/positiveDataAvailable/ZXJ/ZXJ2.2.edf,353,-1,0,-1.0000 ,,
ZXJ,ZXJ2.3.edf,/home/yh/yh/dataset/positiveDataAvailable/ZXJ/ZXJ2.3.edf,242,-1,0,-1.0000 ,,
ZXJ,ZXJ1.2.edf,/home/yh/yh/dataset/positiveDataAvailable/ZXJ/ZXJ1.2.edf,436,84,54,-1.0000 ,,
ZXJ,ZXJ1.4.edf,/home/yh/yh/dataset/positiveDataAvailable/ZXJ/ZXJ1.4.edf,146,-1,0,-1.0000 ,,
ZXJ,ZXJ1.3.edf,/home/yh/yh/dataset/positiveDataAvailable/ZXJ/ZXJ1.3.edf,381,50,20,-1.0000 ,,
ZXJ,ZXJ1.1.edf,/home/yh/yh/dataset/positiveDataAvailable/ZXJ/ZXJ1.1.edf,413,48,18,-1.0000 ,,
ZXQ,ZXQ1.edf,/home/yh/yh/dataset/positiveDataAvailable/ZXQ/ZXQ1.edf,839,-1,0,-1.0000 ,,
ZXQ,ZXQ3.edf,/home/yh/yh/dataset/positiveDataAvailable/ZXQ/ZXQ3.edf,947,-1,0,-1.0000 ,,
ZXQ,ZXQ5.edf,/home/yh/yh/dataset/positiveDataAvailable/ZXQ/ZXQ5.edf,722,-1,0,-1.0000 ,,
ZXQ,ZXQ4.edf,/home/yh/yh/dataset/positiveDataAvailable/ZXQ/ZXQ4.edf,401,-1,0,-1.0000 ,,
ZXQ,ZXQ2.edf,/home/yh/yh/dataset/positiveDataAvailable/ZXQ/ZXQ2.edf,902,-1,0,-1.0000 ,,
